Variable,Overall,Model
Onset.Delta,100,lm
meansquares.alsfrs.score,48.240723896429024,lm
max.bp.diastolic,34.520368767886104,lm
sum.slope.fvc.liters,33.47516669256602,lm
lessthan2.slope.weight,29.383536797776898,lm
handwriting.slope,27.450967678261584,lm
min.slope.dressing,27.106066818960212,lm
walking.slope,24.81144601974296,lm
sum.svc.liters,24.26072688267128,lm
turning.slope,24.15010451780811,lm
alsfrs.score.slope,24.016118431364568,lm
last.turning,23.813877771429524,lm
sd.bp.diastolic,23.088280996958378,lm
meansquares.slope.resp.rate,23.0774407836452,lm
Son,22.614957988963425,lm
Symptom.OTHER,21.75874264246265,lm
last.svc.liters.date,20.092909801583055,lm
sum.swallowing,20.0756873654304,lm
last.alsfrs.score,19.984800453241768,lm
first.slope.weight.date,19.73168334747919,lm
Sex.Female,19.454087269209346,lm
meansquares.slope.weight,19.23420054450331,lm
min.slope.walking,19.183846849211132,lm
swallowing.slope,18.85642393850018,lm
meansquares.handwriting,18.810745158429835,lm
mean.slope.weight,18.44872474129277,lm
max.cutting,18.41125502642557,lm
last.handwriting,18.30479224706641,lm
Cousin,18.182832258420174,lm
last.slope.weight.date,18.166428851468343,lm
climbing.stairs.slope,18.16189632398623,lm
min.cutting,18.033178594417706,lm
last.walking,17.83860318366867,lm
sd.slope.dressing,17.820784833685952,lm
dressing.slope,17.787495035891432,lm
last.climbing.stairs,17.66422287161787,lm
num.bp.diastolic.visits,17.44101145217736,lm
min.slope.climbing.stairs,17.21335176023074,lm
sum.slope.cutting,17.110327636971032,lm
mean.slope.walking,16.926461784781633,lm
sd.slope.resp.rate,16.68447570741195,lm
last.slope.fvc.liters.date,16.154040169938227,lm
min.bp.diastolic,15.864415742406765,lm
sum.climbing.stairs,15.832533728790684,lm
num.slope.fvc.liters.visits,15.824667963721161,lm
max.fvc.liters,15.812176465057373,lm
max.slope.resp.rate,15.790781937678954,lm
sd.slope.alsfrs.score,15.560406228611681,lm
sum.slope.bp.diastolic,15.494269427674961,lm
sum.bp.diastolic,15.336736685176945,lm
Symptom.Stiffness,15.250096450920713,lm
sum.speech,15.21026044253281,lm
max.salivation,15.168889066678101,lm
Uncle..Maternal.,15.009573827794586,lm
last.fvc.liters.date,14.858226165832079,lm
meansquares.slope.walking,14.84113930646882,lm
mean.speech,14.823940383187256,lm
last.dressing,14.794947835030584,lm
sum.slope.handwriting,14.77702282467688,lm
min.slope.alsfrs.score,14.705701702996393,lm
num.slope.resp.rate.visits,14.523209729033004,lm
sd.slope.walking,14.475726969027969,lm
Sex.Male,14.385401918374837,lm
sd.slope.climbing.stairs,14.374657498352072,lm
slope.fvc.liters.slope,14.285870092954337,lm
first.resp.rate.date,14.143818627206464,lm
max.slope.alsfrs.score,14.088789568416296,lm
sd.cutting,14.053958776123757,lm
Grandmother..Maternal.,13.99454838477586,lm
Neurological.Disease.DAT,13.878091807636276,lm
mean.slope.fvc.liters,13.762572014956435,lm
slope.bp.diastolic.slope,13.597801206821444,lm
Site.of.Onset.Onset..Bulbar,13.538676097802128,lm
meansquares.speech,13.355071196139903,lm
last.slope.walking,13.239027102903863,lm
first.weight.date,13.090548004640018,lm
slope.svc.liters.slope,13.048670196469528,lm
num.fvc.liters.visits,13.023807919016578,lm
meansquares.slope.cutting,12.968098364508649,lm
Neurological.Disease.BRAIN.TUMOR,12.896374811779815,lm
sum.alsfrs.score,12.888431159789585,lm
sd.slope.swallowing,12.844845661830472,lm
Symptom.WEAKNESS,12.840303944306225,lm
meansquares.cutting,12.79527784341383,lm
sum.handwriting,12.758058065471541,lm
last.slope.alsfrs.score,12.733675058287403,lm
min.slope.swallowing,12.720507548949103,lm
meansquares.walking,12.662745879331997,lm
meansquares.slope.fvc.liters,12.643644220843203,lm
meansquares.turning,12.592532853717522,lm
num.slope.weight.visits,12.591151160599154,lm
lessthan2.bp.diastolic,12.483751674421299,lm
svc.liters.slope,12.3742819584415,lm
num.slope.alsfrs.score.visits,12.373119529996275,lm
lessthan2.slope.resp.rate,12.331579239535989,lm
first.slope.resp.rate.date,12.228258422669654,lm
last.slope.fvc.liters,12.216327569781125,lm
last.swallowing,12.163204082134737,lm
mean.weight,12.06264403474499,lm
num.weight.visits,11.984712104019973,lm
last.weight.date,11.965148335210642,lm
lessthan2.weight,11.964075906176223,lm
min.bp.systolic,11.919868077871442,lm
last.slope.resp.rate.date,11.85856471729005,lm
lessthan2.slope.alsfrs.score,11.83257252301627,lm
mean.swallowing,11.654460161370718,lm
first.slope.svc.liters.date,11.586992301113156,lm
sum.fvc.liters,11.573886356745463,lm
Neurological.Disease.STROKE.HEMORRHAGIC,11.429832972506285,lm
sum.dressing,11.397366527122086,lm
num.resp.rate.visits,11.392695377801918,lm
last.slope.bp.diastolic,11.37055186194698,lm
salivation.slope,11.350332858362421,lm
mean.salivation,11.2763256197236,lm
mean.slope.alsfrs.score,11.180677801640924,lm
sum.slope.weight,11.12501337815291,lm
meansquares.salivation,11.104080647368407,lm
min.weight,11.083183205955221,lm
last.slope.climbing.stairs,11.03736352825641,lm
sd.salivation,10.867748317219236,lm
mean.slope.cutting,10.854656087688497,lm
sd.slope.salivation,10.85036721129208,lm
max.slope.walking,10.801377162701254,lm
sd.slope.cutting,10.787901986040259,lm
mean.slope.handwriting,10.769394987349235,lm
sd.fvc.liters,10.726257149527289,lm
max.climbing.stairs,10.714774400061305,lm
min.salivation,10.65568069559206,lm
Neurological.Disease.STROKE.NOS,10.638070881234759,lm
meansquares.height,10.62713221689051,lm
last.slope.bp.systolic,10.50085126938347,lm
mean.slope.speech,10.411063527359183,lm
Uncle..Paternal.,10.37674360949574,lm
meansquares.weight,10.291046998533174,lm
mean.bp.systolic,10.275627467169208,lm
lessthan2.slope.bp.diastolic,10.12482787989462,lm
Site.of.Onset.Onset..Limb,10.068748683527081,lm
num.slope.bp.diastolic.visits,10.058091130730617,lm
lessthan2.alsfrs.score,9.962980742637564,lm
meansquares.slope.dressing,9.940220938927897,lm
last.svc.liters,9.909462374660277,lm
sd.climbing.stairs,9.877275670595045,lm
sum.slope.alsfrs.score,9.800275109846364,lm
meansquares.slope.bp.systolic,9.765900432873186,lm
sd.bp.systolic,9.648019299519952,lm
sum.walking,9.627683396215641,lm
last.bp.systolic,9.61533471392319,lm
no.fvc.liters.data,9.599545667495267,lm
meansquares.slope.speech,9.577631489930644,lm
slope.weight.slope,9.522181996676004,lm
last.bp.diastolic.date,9.497952648283055,lm
min.slope.fvc.liters,9.482199306575055,lm
min.slope.cutting,9.287314286423646,lm
last.slope.weight,9.278521625742114,lm
sum.slope.speech,9.244969230464651,lm
cutting.slope,9.16443564341018,lm
min.slope.salivation,9.149318234501639,lm
last.resp.rate.date,9.146420038801976,lm
first.fvc.liters.date,8.883738420498872,lm
slope.resp.rate.slope,8.880320253384603,lm
max.slope.speech,8.870818818368146,lm
max.slope.salivation,8.847049423699675,lm
min.fvc.liters,8.824248354793077,lm
mean.slope.dressing,8.76173988911593,lm
last.alsfrs.score.date,8.700036676540575,lm
last.slope.bp.diastolic.date,8.682043347025045,lm
Family,8.6590965522141925,lm
meansquares.bp.systolic,8.642939382602737,lm
bp.systolic.slope,8.624317801797913,lm
max.slope.handwriting,8.5660278600383,lm
Neurological.Disease.OTHER,8.496762523778592,lm
sd.dressing,8.482763972107069,lm
num.bp.systolic.visits,8.365693587761026,lm
last.slope.turning,8.302138084666586,lm
mean.slope.bp.systolic,8.288699613659253,lm
Symptom.Atrophy,8.280771727328501,lm
max.slope.swallowing,8.196617612634844,lm
last.cutting,8.185967499171376,lm
last.slope.alsfrs.score.date,8.177685304639116,lm
last.slope.svc.liters,8.133159294621088,lm
Symptom..,8.022889379457114,lm
lessthan2.resp.rate,8.003090350474505,lm
last.slope.dressing,8.000123839392813,lm
mean.slope.resp.rate,7.994639687611615,lm
min.slope.resp.rate,7.945726095551938,lm
last.slope.cutting,7.8003695124353305,lm
max.slope.svc.liters,7.742616005874208,lm
min.slope.handwriting,7.711935862884463,lm
min.resp.rate,7.684527037664704,lm
max.speech,7.542011556704006,lm
mean.slope.climbing.stairs,7.504577118246325,lm
sum.cutting,7.407120864632278,lm
min.walking,7.3676948751613915,lm
sum.height,7.280863768929582,lm
lessthan2.slope.fvc.liters,7.232015416877269,lm
min.dressing,7.212758411538952,lm
max.height,7.203778714874083,lm
num.height.visits,7.132011041755021,lm
max.slope.climbing.stairs,7.104160510983102,lm
slope.handwriting.slope,7.103627489535658,lm
first.bp.diastolic.date,6.988385857807695,lm
last.salivation,6.970295445913939,lm
slope.cutting.slope,6.968252718847205,lm
mean.alsfrs.score,6.871775980328383,lm
meansquares.slope.svc.liters,6.825366106241237,lm
Brother,6.824710057704479,lm
sd.slope.svc.liters,6.764653715184554,lm
mean.turning,6.692849284092649,lm
Aunt,6.6078715697651305,lm
min.slope.turning,6.546503206461196,lm
meansquares.bp.diastolic,6.5269710722085525,lm
slope.speech.slope,6.443807829733422,lm
slope.salivation.slope,6.421493905012289,lm
min.slope.svc.liters,6.389388183409804,lm
min.slope.bp.diastolic,6.34693746337317,lm
Neurological.Disease.STROKE.ISCHEMIC,6.332235111685909,lm
Symptom.Cramps,6.263064328485927,lm
sum.slope.walking,6.184534373665779,lm
mean.slope.swallowing,6.166551349486378,lm
min.climbing.stairs,6.060813353353317,lm
sum.slope.resp.rate,5.789297212842715,lm
resp.rate.slope,5.76394734838344,lm
Race...Black.African.American,5.757793291743788,lm
max.weight,5.736804940296395,lm
meansquares.slope.swallowing,5.7259042885719875,lm
max.slope.bp.diastolic,5.715019788530444,lm
mean.climbing.stairs,5.683606734765818,lm
first.alsfrs.score.date,5.6059327201017775,lm
sum.slope.bp.systolic,5.597954020429464,lm
mean.fvc.liters,5.541691985749751,lm
Symptom.SENSORY_CHANGES,5.482865043695339,lm
slope.swallowing.slope,5.475358391450634,lm
min.handwriting,5.4347831965558875,lm
min.slope.weight,5.418248916536838,lm
sd.speech,5.320950644716086,lm
first.slope.alsfrs.score.date,5.2629626948352914,lm
Neurological.Disease.ALS,5.230860932923654,lm
meansquares.slope.turning,5.222955827337448,lm
first.slope.fvc.liters.date,5.183235315139313,lm
sum.weight,5.036039188904247,lm
last.slope.svc.liters.date,5.015289121381819,lm
sd.weight,5.004594882159034,lm
last.slope.handwriting,4.986140599360328,lm
mean.bp.diastolic,4.9729696262815235,lm
max.handwriting,4.947387326770415,lm
Neurological.Disease.PARKINSON.S.DISEASE,4.857588757417601,lm
meansquares.swallowing,4.843220924003014,lm
mean.resp.rate,4.801767585611266,lm
no.slope.resp.rate.data,4.740062565176871,lm
last.slope.speech,4.660394503211629,lm
weight.slope,4.653403922885777,lm
sum.slope.dressing,4.636081391295036,lm
max.slope.fvc.liters,4.558763680562129,lm
meansquares.slope.climbing.stairs,4.51741439893735,lm
speech.slope,4.468365744903504,lm
mean.handwriting,4.427687696645099,lm
Symptom.GAIT_CHANGES,4.403743154627341,lm
sd.walking,4.332157637495771,lm
num.svc.liters.visits,4.072171871103563,lm
sd.swallowing,4.065843872170646,lm
last.bp.diastolic,4.05622027001467,lm
max.slope.bp.systolic,4.055179854479749,lm
meansquares.slope.handwriting,4.041749007194785,lm
max.dressing,4.004667450328328,lm
min.swallowing,3.927720806146938,lm
last.slope.salivation,3.9228112644002584,lm
last.weight,3.894868284124102,lm
Race...Asian,3.85835920048069,lm
last.resp.rate,3.825003763096968,lm
slope.walking.slope,3.757299715345271,lm
first.height.date,3.5958232383089794,lm
sd.slope.handwriting,3.4836668076706685,lm
mean.walking,3.480189438079509,lm
Age,3.476660715590712,lm
mean.dressing,3.474318195526907,lm
meansquares.dressing,3.4303369756669166,lm
sd.slope.bp.diastolic,3.4241945409411843,lm
Neurological.Disease.DEMENTIA.NOS,3.3970793227785387,lm
no.alsfrs.score.data,3.388322032914738,lm
num.alsfrs.score.visits,3.3782723742752707,lm
sum.slope.swallowing,3.352504240502918,lm
last.slope.swallowing,3.3298738138014587,lm
sum.slope.climbing.stairs,3.3061535468217826,lm
mean.svc.liters,3.301090958233939,lm
Sister,3.2360400119839277,lm
sum.turning,3.2151467071807445,lm
first.slope.bp.diastolic.date,3.2138864954550685,lm
slope.dressing.slope,3.212848877659079,lm
Mother,3.1944655737783525,lm
sd.slope.bp.systolic,3.1633218920330055,lm
meansquares.svc.liters,3.1426584110386817,lm
min.slope.bp.systolic,3.103179767325231,lm
Symptom.Swallowing,3.094490432258007,lm
first.slope.bp.systolic.date,2.9356907751733923,lm
max.alsfrs.score,2.9029690578255716,lm
last.fvc.liters,2.8999263332180747,lm
max.walking,2.870735680390789,lm
mean.slope.turning,2.8282069412334394,lm
min.svc.liters,2.8270847677968893,lm
min.turning,2.8223899826314023,lm
Grandmother,2.7880908175241856,lm
fvc.liters.slope,2.708206075927485,lm
meansquares.resp.rate,2.6960679172000925,lm
max.slope.dressing,2.616320115342673,lm
sum.salivation,2.5139104488116515,lm
Uncle,2.4733498876445217,lm
sum.slope.turning,2.453959658706396,lm
sum.resp.rate,2.447311755380603,lm
slope.climbing.stairs.slope,2.425941123327705,lm
min.speech,2.42534458144061,lm
max.bp.systolic,2.4174915182998373,lm
sd.svc.liters,2.397882447206059,lm
mean.cutting,2.3879035409122347,lm
sd.slope.speech,2.36461907001491,lm
min.height,2.316839939803324,lm
sd.turning,2.2800408650639534,lm
max.slope.turning,2.2504230718938247,lm
max.svc.liters,2.216452961359276,lm
sum.slope.salivation,2.152496706865239,lm
slope.turning.slope,2.067561897551009,lm
last.slope.resp.rate,2.061111911296558,lm
max.resp.rate,1.98408303766587,lm
Study.Arm.ACTIVE,1.8446078941944535,lm
sd.slope.weight,1.790961954373848,lm
Daughter,1.7819857856686876,lm
sd.handwriting,1.6760006723313996,lm
last.height.date,1.6576972409911188,lm
max.turning,1.6459252425659445,lm
bp.diastolic.slope,1.641207745786115,lm
slope.alsfrs.score.slope,1.6364111319338002,lm
sd.alsfrs.score,1.6009361203590324,lm
mean.slope.salivation,1.5995993638909398,lm
Grandfather..Maternal.,1.5614960715431079,lm
mean.slope.bp.diastolic,1.5344644539788599,lm
last.speech,1.4980615535034163,lm
meansquares.climbing.stairs,1.4825839816341135,lm
sd.resp.rate,1.4784074437735493,lm
Symptom.Speech,1.4736389226554865,lm
meansquares.slope.bp.diastolic,1.4467701998017537,lm
meansquares.fvc.liters,1.3433724680520953,lm
Study.Arm.PLACEBO,1.315744175190061,lm
mean.slope.svc.liters,1.2922811304083075,lm
no.slope.weight.data,1.1857053240906839,lm
sd.slope.fvc.liters,1.1765461154833619,lm
min.alsfrs.score,1.135116992914147,lm
max.slope.cutting,1.0197846595941185,lm
meansquares.slope.alsfrs.score,1.0143045718816377,lm
slope.bp.systolic.slope,0.8244634577660751,lm
Race...Caucasian,0.8243882540807265,lm
sd.slope.turning,0.5606567932207609,lm
Aunt..Maternal.,0.5547278302904062,lm
Symptom.Fasciculations,0.5173424077369798,lm
meansquares.slope.salivation,0.5010147153045087,lm
lessthan2.fvc.liters,0.4503831410471951,lm
sum.bp.systolic,0.4258464888682216,lm
Father,0.3993675967326948,lm
Race...Other,0.30274254988919364,lm
max.swallowing,0.1390937623833614,lm
max.slope.weight,0.11044015369649626,lm
min.slope.speech,0,lm
last.slope.svc.liters,100,glmnet
Son,84.10458997122844,glmnet
svc.liters.slope,60.4892105842843,glmnet
Symptom.OTHER,47.886929494198924,glmnet
fvc.liters.slope,45.710455318175555,glmnet
swallowing.slope,45.1685652289201,glmnet
Cousin,44.31593723096192,glmnet
Uncle..Maternal.,32.429992153122654,glmnet
Symptom.Stiffness,27.600866677546094,glmnet
Site.of.Onset.Onset..Bulbar,23.778238485647087,glmnet
sd.slope.cutting,19.179772548146946,glmnet
sum.slope.speech,11.980918928277774,glmnet
walking.slope,11.548975566149599,glmnet
max.salivation,10.515311425812882,glmnet
salivation.slope,10.45550070694103,glmnet
sd.fvc.liters,10.228734936256622,glmnet
sum.slope.swallowing,9.668513099129273,glmnet
mean.slope.turning,9.483605103393387,glmnet
mean.slope.weight,9.463857837127023,glmnet
last.svc.liters,7.745740092898434,glmnet
lessthan2.slope.fvc.liters,7.53593223717438,glmnet
Brother,7.364066671091489,glmnet
last.fvc.liters,6.9170978897645785,glmnet
Sex.Female,6.801682258517161,glmnet
max.slope.climbing.stairs,6.702768835895298,glmnet
min.speech,5.419467602629986,glmnet
sd.alsfrs.score,5.072637007351463,glmnet
mean.climbing.stairs,4.220255560494839,glmnet
sd.turning,4.147560179930377,glmnet
turning.slope,3.3101946730394296,glmnet
min.slope.dressing,2.8072701732264704,glmnet
slope.walking.slope,2.5864605515163666,glmnet
last.slope.climbing.stairs,2.549932196029029,glmnet
no.height.data,2.480152088629338,glmnet
num.bp.systolic.visits,2.3938820518250195,glmnet
meansquares.turning,2.3635236765706544,glmnet
min.slope.fvc.liters,1.9801421861432602,glmnet
slope.turning.slope,1.8586194128699645,glmnet
sd.height,1.6838993870144985,glmnet
min.slope.turning,1.6747817347481038,glmnet
max.bp.diastolic,1.4641163456411164,glmnet
lessthan2.slope.alsfrs.score,1.4345707160297172,glmnet
Grandmother..Maternal.,1.4184202182169303,glmnet
meansquares.slope.speech,1.1487441233271807,glmnet
sum.slope.dressing,1.088726262933156,glmnet
last.slope.swallowing,1.0684475930389454,glmnet
last.svc.liters.date,0.8960708512718112,glmnet
sum.slope.climbing.stairs,0.7850206568432239,glmnet
resp.rate.slope,0.708120174775144,glmnet
first.slope.fvc.liters.date,0.664984809426113,glmnet
meansquares.dressing,0.6562879659555949,glmnet
sum.speech,0.6546627828579881,glmnet
mean.handwriting,0.624104097229712,glmnet
sd.resp.rate,0.5548244961401759,glmnet
meansquares.speech,0.5092670253553125,glmnet
bp.systolic.slope,0.30953722285131485,glmnet
last.slope.resp.rate,0.3040825980594683,glmnet
last.slope.fvc.liters,0.29271520807556395,glmnet
sd.slope.handwriting,0.15997140835214296,glmnet
Onset.Delta,0.12115389053577623,glmnet
slope.bp.systolic.slope,0.05449073901775892,glmnet
meansquares.slope.weight,0.05181378770558756,glmnet
max.slope.weight,0.04588409622073782,glmnet
Uncle..Paternal.,0.03455207358160666,glmnet
last.slope.alsfrs.score.date,0.03421189594288352,glmnet
sum.slope.bp.systolic,0.02007631130737062,glmnet
mean.slope.alsfrs.score,0.01206853091441498,glmnet
alsfrs.score.slope,0.008523710984192865,glmnet
meansquares.weight,2.8849575488441546e-5,glmnet
Symptom.Speech,0,glmnet
Symptom.WEAKNESS,0,glmnet
Symptom.Swallowing,0,glmnet
Symptom.GAIT_CHANGES,0,glmnet
Symptom.Atrophy,0,glmnet
Symptom.Cramps,0,glmnet
Symptom.Fasciculations,0,glmnet
Symptom.SENSORY_CHANGES,0,glmnet
Symptom..,0,glmnet
Site.of.Onset.Onset..Limb,0,glmnet
Site.of.Onset.Onset..Limb.and.Bulbar,0,glmnet
Race...Asian,0,glmnet
Race...Black.African.American,0,glmnet
Race...Caucasian,0,glmnet
Race...Other,0,glmnet
Age,0,glmnet
Sex.Male,0,glmnet
Aunt,0,glmnet
Aunt..Maternal.,0,glmnet
Father,0,glmnet
Grandfather..Maternal.,0,glmnet
Grandmother,0,glmnet
Mother,0,glmnet
Uncle,0,glmnet
Daughter,0,glmnet
Sister,0,glmnet
Family,0,glmnet
Neurological.Disease.OTHER,0,glmnet
Neurological.Disease.STROKE.NOS,0,glmnet
Neurological.Disease.DEMENTIA.NOS,0,glmnet
Neurological.Disease.PARKINSON.S.DISEASE,0,glmnet
Neurological.Disease.DAT,0,glmnet
Neurological.Disease.ALS,0,glmnet
Neurological.Disease.BRAIN.TUMOR,0,glmnet
Neurological.Disease.STROKE.ISCHEMIC,0,glmnet
Neurological.Disease.STROKE.HEMORRHAGIC,0,glmnet
Study.Arm.PLACEBO,0,glmnet
Study.Arm.ACTIVE,0,glmnet
max.alsfrs.score,0,glmnet
min.alsfrs.score,0,glmnet
last.alsfrs.score,0,glmnet
mean.alsfrs.score,0,glmnet
num.alsfrs.score.visits,0,glmnet
sum.alsfrs.score,0,glmnet
first.alsfrs.score.date,0,glmnet
last.alsfrs.score.date,0,glmnet
meansquares.alsfrs.score,0,glmnet
lessthan2.alsfrs.score,0,glmnet
no.alsfrs.score.data,0,glmnet
max.speech,0,glmnet
last.speech,0,glmnet
mean.speech,0,glmnet
sd.speech,0,glmnet
speech.slope,0,glmnet
min.salivation,0,glmnet
last.salivation,0,glmnet
mean.salivation,0,glmnet
sum.salivation,0,glmnet
meansquares.salivation,0,glmnet
sd.salivation,0,glmnet
max.swallowing,0,glmnet
min.swallowing,0,glmnet
last.swallowing,0,glmnet
mean.swallowing,0,glmnet
sum.swallowing,0,glmnet
meansquares.swallowing,0,glmnet
sd.swallowing,0,glmnet
max.handwriting,0,glmnet
min.handwriting,0,glmnet
last.handwriting,0,glmnet
sum.handwriting,0,glmnet
meansquares.handwriting,0,glmnet
sd.handwriting,0,glmnet
handwriting.slope,0,glmnet
max.cutting,0,glmnet
min.cutting,0,glmnet
last.cutting,0,glmnet
mean.cutting,0,glmnet
sum.cutting,0,glmnet
meansquares.cutting,0,glmnet
sd.cutting,0,glmnet
cutting.slope,0,glmnet
max.dressing,0,glmnet
min.dressing,0,glmnet
last.dressing,0,glmnet
mean.dressing,0,glmnet
sum.dressing,0,glmnet
sd.dressing,0,glmnet
dressing.slope,0,glmnet
max.turning,0,glmnet
min.turning,0,glmnet
last.turning,0,glmnet
mean.turning,0,glmnet
sum.turning,0,glmnet
max.walking,0,glmnet
min.walking,0,glmnet
last.walking,0,glmnet
mean.walking,0,glmnet
sum.walking,0,glmnet
meansquares.walking,0,glmnet
sd.walking,0,glmnet
max.climbing.stairs,0,glmnet
min.climbing.stairs,0,glmnet
last.climbing.stairs,0,glmnet
sum.climbing.stairs,0,glmnet
meansquares.climbing.stairs,0,glmnet
sd.climbing.stairs,0,glmnet
climbing.stairs.slope,0,glmnet
max.fvc.liters,0,glmnet
min.fvc.liters,0,glmnet
mean.fvc.liters,0,glmnet
num.fvc.liters.visits,0,glmnet
sum.fvc.liters,0,glmnet
first.fvc.liters.date,0,glmnet
last.fvc.liters.date,0,glmnet
meansquares.fvc.liters,0,glmnet
lessthan2.fvc.liters,0,glmnet
no.fvc.liters.data,0,glmnet
max.svc.liters,0,glmnet
min.svc.liters,0,glmnet
mean.svc.liters,0,glmnet
num.svc.liters.visits,0,glmnet
sum.svc.liters,0,glmnet
meansquares.svc.liters,0,glmnet
sd.svc.liters,0,glmnet
max.weight,0,glmnet
min.weight,0,glmnet
last.weight,0,glmnet
mean.weight,0,glmnet
num.weight.visits,0,glmnet
sum.weight,0,glmnet
first.weight.date,0,glmnet
last.weight.date,0,glmnet
sd.weight,0,glmnet
weight.slope,0,glmnet
lessthan2.weight,0,glmnet
max.height,0,glmnet
min.height,0,glmnet
mean.height,0,glmnet
num.height.visits,0,glmnet
sum.height,0,glmnet
first.height.date,0,glmnet
last.height.date,0,glmnet
meansquares.height,0,glmnet
max.resp.rate,0,glmnet
min.resp.rate,0,glmnet
last.resp.rate,0,glmnet
mean.resp.rate,0,glmnet
num.resp.rate.visits,0,glmnet
sum.resp.rate,0,glmnet
first.resp.rate.date,0,glmnet
last.resp.rate.date,0,glmnet
meansquares.resp.rate,0,glmnet
lessthan2.resp.rate,0,glmnet
no.resp.rate.data,0,glmnet
min.bp.diastolic,0,glmnet
last.bp.diastolic,0,glmnet
mean.bp.diastolic,0,glmnet
num.bp.diastolic.visits,0,glmnet
sum.bp.diastolic,0,glmnet
first.bp.diastolic.date,0,glmnet
last.bp.diastolic.date,0,glmnet
meansquares.bp.diastolic,0,glmnet
sd.bp.diastolic,0,glmnet
bp.diastolic.slope,0,glmnet
lessthan2.bp.diastolic,0,glmnet
no.bp.diastolic.data,0,glmnet
max.bp.systolic,0,glmnet
min.bp.systolic,0,glmnet
last.bp.systolic,0,glmnet
mean.bp.systolic,0,glmnet
sum.bp.systolic,0,glmnet
meansquares.bp.systolic,0,glmnet
sd.bp.systolic,0,glmnet
max.slope.alsfrs.score,0,glmnet
min.slope.alsfrs.score,0,glmnet
last.slope.alsfrs.score,0,glmnet
num.slope.alsfrs.score.visits,0,glmnet
sum.slope.alsfrs.score,0,glmnet
first.slope.alsfrs.score.date,0,glmnet
meansquares.slope.alsfrs.score,0,glmnet
sd.slope.alsfrs.score,0,glmnet
slope.alsfrs.score.slope,0,glmnet
max.slope.speech,0,glmnet
min.slope.speech,0,glmnet
last.slope.speech,0,glmnet
mean.slope.speech,0,glmnet
sd.slope.speech,0,glmnet
slope.speech.slope,0,glmnet
max.slope.salivation,0,glmnet
min.slope.salivation,0,glmnet
last.slope.salivation,0,glmnet
mean.slope.salivation,0,glmnet
sum.slope.salivation,0,glmnet
meansquares.slope.salivation,0,glmnet
sd.slope.salivation,0,glmnet
slope.salivation.slope,0,glmnet
max.slope.swallowing,0,glmnet
min.slope.swallowing,0,glmnet
mean.slope.swallowing,0,glmnet
meansquares.slope.swallowing,0,glmnet
sd.slope.swallowing,0,glmnet
slope.swallowing.slope,0,glmnet
max.slope.handwriting,0,glmnet
min.slope.handwriting,0,glmnet
last.slope.handwriting,0,glmnet
mean.slope.handwriting,0,glmnet
sum.slope.handwriting,0,glmnet
meansquares.slope.handwriting,0,glmnet
slope.handwriting.slope,0,glmnet
max.slope.cutting,0,glmnet
min.slope.cutting,0,glmnet
last.slope.cutting,0,glmnet
mean.slope.cutting,0,glmnet
sum.slope.cutting,0,glmnet
meansquares.slope.cutting,0,glmnet
slope.cutting.slope,0,glmnet
max.slope.dressing,0,glmnet
last.slope.dressing,0,glmnet
mean.slope.dressing,0,glmnet
meansquares.slope.dressing,0,glmnet
sd.slope.dressing,0,glmnet
slope.dressing.slope,0,glmnet
max.slope.turning,0,glmnet
last.slope.turning,0,glmnet
sum.slope.turning,0,glmnet
meansquares.slope.turning,0,glmnet
sd.slope.turning,0,glmnet
max.slope.walking,0,glmnet
min.slope.walking,0,glmnet
last.slope.walking,0,glmnet
mean.slope.walking,0,glmnet
sum.slope.walking,0,glmnet
meansquares.slope.walking,0,glmnet
sd.slope.walking,0,glmnet
min.slope.climbing.stairs,0,glmnet
mean.slope.climbing.stairs,0,glmnet
meansquares.slope.climbing.stairs,0,glmnet
sd.slope.climbing.stairs,0,glmnet
slope.climbing.stairs.slope,0,glmnet
max.slope.fvc.liters,0,glmnet
mean.slope.fvc.liters,0,glmnet
num.slope.fvc.liters.visits,0,glmnet
sum.slope.fvc.liters,0,glmnet
last.slope.fvc.liters.date,0,glmnet
meansquares.slope.fvc.liters,0,glmnet
sd.slope.fvc.liters,0,glmnet
slope.fvc.liters.slope,0,glmnet
no.slope.fvc.liters.data,0,glmnet
max.slope.svc.liters,0,glmnet
min.slope.svc.liters,0,glmnet
mean.slope.svc.liters,0,glmnet
first.slope.svc.liters.date,0,glmnet
last.slope.svc.liters.date,0,glmnet
meansquares.slope.svc.liters,0,glmnet
sd.slope.svc.liters,0,glmnet
slope.svc.liters.slope,0,glmnet
min.slope.weight,0,glmnet
last.slope.weight,0,glmnet
num.slope.weight.visits,0,glmnet
sum.slope.weight,0,glmnet
first.slope.weight.date,0,glmnet
last.slope.weight.date,0,glmnet
sd.slope.weight,0,glmnet
slope.weight.slope,0,glmnet
lessthan2.slope.weight,0,glmnet
no.slope.weight.data,0,glmnet
first.slope.height.date,0,glmnet
max.slope.resp.rate,0,glmnet
min.slope.resp.rate,0,glmnet
mean.slope.resp.rate,0,glmnet
num.slope.resp.rate.visits,0,glmnet
sum.slope.resp.rate,0,glmnet
first.slope.resp.rate.date,0,glmnet
last.slope.resp.rate.date,0,glmnet
meansquares.slope.resp.rate,0,glmnet
sd.slope.resp.rate,0,glmnet
slope.resp.rate.slope,0,glmnet
lessthan2.slope.resp.rate,0,glmnet
no.slope.resp.rate.data,0,glmnet
max.slope.bp.diastolic,0,glmnet
min.slope.bp.diastolic,0,glmnet
last.slope.bp.diastolic,0,glmnet
mean.slope.bp.diastolic,0,glmnet
num.slope.bp.diastolic.visits,0,glmnet
sum.slope.bp.diastolic,0,glmnet
first.slope.bp.diastolic.date,0,glmnet
last.slope.bp.diastolic.date,0,glmnet
meansquares.slope.bp.diastolic,0,glmnet
sd.slope.bp.diastolic,0,glmnet
slope.bp.diastolic.slope,0,glmnet
lessthan2.slope.bp.diastolic,0,glmnet
max.slope.bp.systolic,0,glmnet
min.slope.bp.systolic,0,glmnet
last.slope.bp.systolic,0,glmnet
mean.slope.bp.systolic,0,glmnet
num.slope.bp.systolic.visits,0,glmnet
first.slope.bp.systolic.date,0,glmnet
meansquares.slope.bp.systolic,0,glmnet
sd.slope.bp.systolic,0,glmnet
Onset.Delta,100,gbm
mean.slope.weight,19.35016711478335,gbm
alsfrs.score.slope,15.803122798847479,gbm
meansquares.alsfrs.score,12.76383036108828,gbm
mean.slope.fvc.liters,9.443435247346649,gbm
max.alsfrs.score,9.296922467329033,gbm
last.slope.svc.liters,8.358128125523095,gbm
max.bp.diastolic,8.285421326043723,gbm
last.slope.fvc.liters,7.819064853881061,gbm
slope.bp.systolic.slope,5.513596213140352,gbm
sd.slope.cutting,5.395857048076014,gbm
slope.cutting.slope,5.335452984714021,gbm
last.slope.weight,5.193446570113389,gbm
meansquares.bp.systolic,4.698289333790526,gbm
min.fvc.liters,4.35053395548956,gbm
sd.alsfrs.score,4.314326723984122,gbm
meansquares.slope.fvc.liters,4.1988889122665345,gbm
sd.slope.bp.diastolic,4.043605238519339,gbm
last.slope.cutting,3.7923370333337827,gbm
slope.resp.rate.slope,3.772167047717271,gbm
sum.climbing.stairs,3.7341471218525024,gbm
mean.slope.climbing.stairs,3.6851420587679518,gbm
mean.slope.svc.liters,3.3717742131432193,gbm
sum.fvc.liters,3.3273577589062553,gbm
max.slope.fvc.liters,3.320767852420861,gbm
slope.speech.slope,3.2159102004719498,gbm
mean.climbing.stairs,3.186940857314166,gbm
sum.slope.turning,3.1812604648405305,gbm
last.slope.bp.diastolic.date,3.074689350772636,gbm
slope.weight.slope,3.0611668520795288,gbm
mean.alsfrs.score,3.006856366999648,gbm
max.slope.climbing.stairs,3.0058818581374696,gbm
meansquares.slope.alsfrs.score,2.936978631107208,gbm
last.slope.weight.date,2.7395647829769736,gbm
meansquares.climbing.stairs,2.7203052146685107,gbm
bp.systolic.slope,2.7102578533011052,gbm
min.speech,2.568008907682911,gbm
mean.speech,2.4533582349067804,gbm
meansquares.slope.salivation,2.420450122786995,gbm
slope.bp.diastolic.slope,2.3381988192568137,gbm
last.cutting,2.328333932999794,gbm
last.slope.bp.systolic,2.2836582104341105,gbm
meansquares.slope.cutting,2.278380333891557,gbm
min.slope.weight,2.2552581890252585,gbm
first.slope.resp.rate.date,2.155585136561629,gbm
first.slope.fvc.liters.date,2.0983441006447774,gbm
max.slope.bp.systolic,2.0913270453558246,gbm
last.weight,2.077765065036578,gbm
last.swallowing,1.9940900771471717,gbm
resp.rate.slope,1.9835650756361833,gbm
sd.salivation,1.9807620874660061,gbm
fvc.liters.slope,1.9557667150727942,gbm
last.alsfrs.score,1.945317531404127,gbm
sum.resp.rate,1.9425365414900382,gbm
min.slope.fvc.liters,1.9151920242324691,gbm
min.slope.alsfrs.score,1.9016115005484853,gbm
sum.slope.alsfrs.score,1.8904879493303939,gbm
sum.slope.climbing.stairs,1.8854992238951835,gbm
mean.slope.salivation,1.85909714284033,gbm
last.speech,1.6747247112013937,gbm
mean.bp.systolic,1.6666153676110214,gbm
max.dressing,1.6105747150191023,gbm
swallowing.slope,1.565163558223218,gbm
sum.slope.salivation,1.5606115901126136,gbm
last.fvc.liters,1.5198900144821377,gbm
sum.turning,1.5102029727989692,gbm
max.height,1.4710105281550143,gbm
mean.fvc.liters,1.4637513846248067,gbm
last.slope.turning,1.4446266442276126,gbm
sum.alsfrs.score,1.4425666080005055,gbm
sum.swallowing,1.4153972745047827,gbm
min.slope.cutting,1.4021114140878648,gbm
sd.slope.fvc.liters,1.4017212679046984,gbm
last.slope.handwriting,1.3881245130127289,gbm
meansquares.slope.speech,1.386535866245987,gbm
last.slope.resp.rate,1.3287222363743345,gbm
max.turning,1.3188250113495639,gbm
sum.slope.weight,1.3063086028855364,gbm
weight.slope,1.279144925013741,gbm
max.slope.swallowing,1.2766164225908134,gbm
sd.slope.weight,1.2545560425912283,gbm
min.slope.bp.systolic,1.237757603862082,gbm
last.slope.svc.liters.date,1.2313712812585251,gbm
sum.svc.liters,1.2127850333942851,gbm
max.slope.weight,1.2122969573253042,gbm
sum.slope.speech,1.1966567948180529,gbm
max.slope.dressing,1.1867333661116028,gbm
slope.turning.slope,1.180239987577549,gbm
mean.bp.diastolic,1.1707677526745224,gbm
sum.bp.diastolic,1.1336088790286942,gbm
min.alsfrs.score,1.1018093819500503,gbm
sd.bp.diastolic,1.1011937198904256,gbm
mean.slope.cutting,1.0925999031491989,gbm
min.slope.resp.rate,1.068928256913992,gbm
min.slope.swallowing,1.0596187255713088,gbm
slope.handwriting.slope,1.0538477074728843,gbm
sd.slope.dressing,1.0471969463078812,gbm
meansquares.slope.bp.diastolic,1.0295745268293686,gbm
sum.weight,0.9904359386163445,gbm
max.slope.cutting,0.9885889623520963,gbm
meansquares.slope.svc.liters,0.9835616065736746,gbm
sd.slope.resp.rate,0.9819728582878513,gbm
min.slope.climbing.stairs,0.9778750489419409,gbm
last.slope.walking,0.9633147830470044,gbm
sd.bp.systolic,0.9566265453870109,gbm
mean.slope.swallowing,0.926813118369432,gbm
sum.slope.handwriting,0.9003090479648184,gbm
slope.salivation.slope,0.7995077233113674,gbm
max.slope.salivation,0.6934185065183235,gbm
Symptom.Speech,0,gbm
Symptom.WEAKNESS,0,gbm
Symptom.OTHER,0,gbm
Symptom.Swallowing,0,gbm
Symptom.GAIT_CHANGES,0,gbm
Symptom.Atrophy,0,gbm
Symptom.Cramps,0,gbm
Symptom.Fasciculations,0,gbm
Symptom.SENSORY_CHANGES,0,gbm
Symptom.Stiffness,0,gbm
Symptom..,0,gbm
Site.of.Onset.Onset..Bulbar,0,gbm
Site.of.Onset.Onset..Limb,0,gbm
Site.of.Onset.Onset..Limb.and.Bulbar,0,gbm
Race...Asian,0,gbm
Race...Black.African.American,0,gbm
Race...Caucasian,0,gbm
Race...Other,0,gbm
Age,0,gbm
Sex.Female,0,gbm
Sex.Male,0,gbm
Aunt,0,gbm
Aunt..Maternal.,0,gbm
Cousin,0,gbm
Father,0,gbm
Grandfather..Maternal.,0,gbm
Grandmother,0,gbm
Grandmother..Maternal.,0,gbm
Mother,0,gbm
Uncle,0,gbm
Uncle..Maternal.,0,gbm
Uncle..Paternal.,0,gbm
Son,0,gbm
Daughter,0,gbm
Sister,0,gbm
Brother,0,gbm
Family,0,gbm
Neurological.Disease.OTHER,0,gbm
Neurological.Disease.STROKE.NOS,0,gbm
Neurological.Disease.DEMENTIA.NOS,0,gbm
Neurological.Disease.PARKINSON.S.DISEASE,0,gbm
Neurological.Disease.DAT,0,gbm
Neurological.Disease.ALS,0,gbm
Neurological.Disease.BRAIN.TUMOR,0,gbm
Neurological.Disease.STROKE.ISCHEMIC,0,gbm
Neurological.Disease.STROKE.HEMORRHAGIC,0,gbm
Study.Arm.PLACEBO,0,gbm
Study.Arm.ACTIVE,0,gbm
num.alsfrs.score.visits,0,gbm
first.alsfrs.score.date,0,gbm
last.alsfrs.score.date,0,gbm
lessthan2.alsfrs.score,0,gbm
no.alsfrs.score.data,0,gbm
max.speech,0,gbm
sum.speech,0,gbm
meansquares.speech,0,gbm
sd.speech,0,gbm
speech.slope,0,gbm
max.salivation,0,gbm
min.salivation,0,gbm
last.salivation,0,gbm
mean.salivation,0,gbm
sum.salivation,0,gbm
meansquares.salivation,0,gbm
salivation.slope,0,gbm
max.swallowing,0,gbm
min.swallowing,0,gbm
mean.swallowing,0,gbm
meansquares.swallowing,0,gbm
sd.swallowing,0,gbm
max.handwriting,0,gbm
min.handwriting,0,gbm
last.handwriting,0,gbm
mean.handwriting,0,gbm
sum.handwriting,0,gbm
meansquares.handwriting,0,gbm
sd.handwriting,0,gbm
handwriting.slope,0,gbm
max.cutting,0,gbm
min.cutting,0,gbm
mean.cutting,0,gbm
sum.cutting,0,gbm
meansquares.cutting,0,gbm
sd.cutting,0,gbm
cutting.slope,0,gbm
min.dressing,0,gbm
last.dressing,0,gbm
mean.dressing,0,gbm
sum.dressing,0,gbm
meansquares.dressing,0,gbm
sd.dressing,0,gbm
dressing.slope,0,gbm
min.turning,0,gbm
last.turning,0,gbm
mean.turning,0,gbm
meansquares.turning,0,gbm
sd.turning,0,gbm
turning.slope,0,gbm
max.walking,0,gbm
min.walking,0,gbm
last.walking,0,gbm
mean.walking,0,gbm
sum.walking,0,gbm
meansquares.walking,0,gbm
sd.walking,0,gbm
walking.slope,0,gbm
max.climbing.stairs,0,gbm
min.climbing.stairs,0,gbm
last.climbing.stairs,0,gbm
sd.climbing.stairs,0,gbm
climbing.stairs.slope,0,gbm
max.fvc.liters,0,gbm
num.fvc.liters.visits,0,gbm
first.fvc.liters.date,0,gbm
last.fvc.liters.date,0,gbm
meansquares.fvc.liters,0,gbm
sd.fvc.liters,0,gbm
lessthan2.fvc.liters,0,gbm
no.fvc.liters.data,0,gbm
max.svc.liters,0,gbm
min.svc.liters,0,gbm
last.svc.liters,0,gbm
mean.svc.liters,0,gbm
num.svc.liters.visits,0,gbm
last.svc.liters.date,0,gbm
meansquares.svc.liters,0,gbm
sd.svc.liters,0,gbm
svc.liters.slope,0,gbm
max.weight,0,gbm
min.weight,0,gbm
mean.weight,0,gbm
num.weight.visits,0,gbm
first.weight.date,0,gbm
last.weight.date,0,gbm
meansquares.weight,0,gbm
sd.weight,0,gbm
lessthan2.weight,0,gbm
min.height,0,gbm
mean.height,0,gbm
num.height.visits,0,gbm
sum.height,0,gbm
first.height.date,0,gbm
last.height.date,0,gbm
meansquares.height,0,gbm
sd.height,0,gbm
no.height.data,0,gbm
max.resp.rate,0,gbm
min.resp.rate,0,gbm
last.resp.rate,0,gbm
mean.resp.rate,0,gbm
num.resp.rate.visits,0,gbm
first.resp.rate.date,0,gbm
last.resp.rate.date,0,gbm
meansquares.resp.rate,0,gbm
sd.resp.rate,0,gbm
lessthan2.resp.rate,0,gbm
no.resp.rate.data,0,gbm
min.bp.diastolic,0,gbm
last.bp.diastolic,0,gbm
num.bp.diastolic.visits,0,gbm
first.bp.diastolic.date,0,gbm
last.bp.diastolic.date,0,gbm
meansquares.bp.diastolic,0,gbm
bp.diastolic.slope,0,gbm
lessthan2.bp.diastolic,0,gbm
no.bp.diastolic.data,0,gbm
max.bp.systolic,0,gbm
min.bp.systolic,0,gbm
last.bp.systolic,0,gbm
num.bp.systolic.visits,0,gbm
sum.bp.systolic,0,gbm
max.slope.alsfrs.score,0,gbm
last.slope.alsfrs.score,0,gbm
mean.slope.alsfrs.score,0,gbm
num.slope.alsfrs.score.visits,0,gbm
first.slope.alsfrs.score.date,0,gbm
last.slope.alsfrs.score.date,0,gbm
sd.slope.alsfrs.score,0,gbm
slope.alsfrs.score.slope,0,gbm
lessthan2.slope.alsfrs.score,0,gbm
max.slope.speech,0,gbm
min.slope.speech,0,gbm
last.slope.speech,0,gbm
mean.slope.speech,0,gbm
sd.slope.speech,0,gbm
min.slope.salivation,0,gbm
last.slope.salivation,0,gbm
sd.slope.salivation,0,gbm
last.slope.swallowing,0,gbm
sum.slope.swallowing,0,gbm
meansquares.slope.swallowing,0,gbm
sd.slope.swallowing,0,gbm
slope.swallowing.slope,0,gbm
max.slope.handwriting,0,gbm
min.slope.handwriting,0,gbm
mean.slope.handwriting,0,gbm
meansquares.slope.handwriting,0,gbm
sd.slope.handwriting,0,gbm
sum.slope.cutting,0,gbm
min.slope.dressing,0,gbm
last.slope.dressing,0,gbm
mean.slope.dressing,0,gbm
sum.slope.dressing,0,gbm
meansquares.slope.dressing,0,gbm
slope.dressing.slope,0,gbm
max.slope.turning,0,gbm
min.slope.turning,0,gbm
mean.slope.turning,0,gbm
meansquares.slope.turning,0,gbm
sd.slope.turning,0,gbm
max.slope.walking,0,gbm
min.slope.walking,0,gbm
mean.slope.walking,0,gbm
sum.slope.walking,0,gbm
meansquares.slope.walking,0,gbm
sd.slope.walking,0,gbm
slope.walking.slope,0,gbm
last.slope.climbing.stairs,0,gbm
meansquares.slope.climbing.stairs,0,gbm
sd.slope.climbing.stairs,0,gbm
slope.climbing.stairs.slope,0,gbm
num.slope.fvc.liters.visits,0,gbm
sum.slope.fvc.liters,0,gbm
last.slope.fvc.liters.date,0,gbm
slope.fvc.liters.slope,0,gbm
lessthan2.slope.fvc.liters,0,gbm
no.slope.fvc.liters.data,0,gbm
max.slope.svc.liters,0,gbm
min.slope.svc.liters,0,gbm
first.slope.svc.liters.date,0,gbm
sd.slope.svc.liters,0,gbm
slope.svc.liters.slope,0,gbm
num.slope.weight.visits,0,gbm
first.slope.weight.date,0,gbm
meansquares.slope.weight,0,gbm
lessthan2.slope.weight,0,gbm
no.slope.weight.data,0,gbm
first.slope.height.date,0,gbm
max.slope.resp.rate,0,gbm
mean.slope.resp.rate,0,gbm
num.slope.resp.rate.visits,0,gbm
sum.slope.resp.rate,0,gbm
last.slope.resp.rate.date,0,gbm
meansquares.slope.resp.rate,0,gbm
lessthan2.slope.resp.rate,0,gbm
no.slope.resp.rate.data,0,gbm
max.slope.bp.diastolic,0,gbm
min.slope.bp.diastolic,0,gbm
last.slope.bp.diastolic,0,gbm
mean.slope.bp.diastolic,0,gbm
num.slope.bp.diastolic.visits,0,gbm
sum.slope.bp.diastolic,0,gbm
first.slope.bp.diastolic.date,0,gbm
lessthan2.slope.bp.diastolic,0,gbm
mean.slope.bp.systolic,0,gbm
num.slope.bp.systolic.visits,0,gbm
sum.slope.bp.systolic,0,gbm
first.slope.bp.systolic.date,0,gbm
meansquares.slope.bp.systolic,0,gbm
sd.slope.bp.systolic,0,gbm
Onset.Delta,100,svmRadial
alsfrs.score.slope,41.51157237595211,svmRadial
mean.slope.alsfrs.score,37.042950531350996,svmRadial
sum.slope.alsfrs.score,36.16968967177669,svmRadial
sum.slope.fvc.liters,27.828505881286787,svmRadial
fvc.liters.slope,26.539519777706154,svmRadial
mean.slope.fvc.liters,26.248461757349833,svmRadial
last.speech,25.290639489734524,svmRadial
min.speech,24.313000279914167,svmRadial
mean.slope.weight,23.881869383956257,svmRadial
meansquares.speech,23.05077649433015,svmRadial
max.slope.weight,21.26265752701257,svmRadial
mean.speech,21.239639212783988,svmRadial
sd.alsfrs.score,21.159572177449096,svmRadial
sum.slope.weight,20.772849964405502,svmRadial
meansquares.alsfrs.score,20.50986281077155,svmRadial
Site.of.Onset.Onset..Limb,20.29636930175175,svmRadial
Site.of.Onset.Onset..Bulbar,20.03645612650564,svmRadial
last.swallowing,19.183041181583583,svmRadial
min.slope.speech,18.58052797058414,svmRadial
min.slope.fvc.liters,18.31478673423703,svmRadial
min.slope.alsfrs.score,18.266745122066492,svmRadial
sum.speech,17.163286160446233,svmRadial
sum.slope.speech,17.00627330430324,svmRadial
max.speech,16.274473535814337,svmRadial
sd.fvc.liters,15.682125472898162,svmRadial
min.swallowing,15.663758615236883,svmRadial
meansquares.swallowing,15.633078351137447,svmRadial
mean.swallowing,14.973746879964553,svmRadial
meansquares.slope.alsfrs.score,14.530835450873008,svmRadial
max.swallowing,13.278328164405881,svmRadial
sd.speech,13.237177637138878,svmRadial
mean.slope.speech,13.155220553970018,svmRadial
weight.slope,13.116931182660116,svmRadial
last.slope.weight,11.897427038359302,svmRadial
last.slope.fvc.liters,11.379291292170503,svmRadial
last.fvc.liters,11.255498213330329,svmRadial
sum.weight,11.23314413039765,svmRadial
sd.slope.speech,11.206997091257326,svmRadial
sd.salivation,10.813291809904843,svmRadial
min.slope.cutting,10.218506647834035,svmRadial
last.salivation,9.899249223869546,svmRadial
min.fvc.liters,9.844681841627741,svmRadial
slope.cutting.slope,9.787463930922726,svmRadial
sum.swallowing,9.615683049285318,svmRadial
last.slope.alsfrs.score,9.592448234615143,svmRadial
min.slope.salivation,9.268441045736536,svmRadial
meansquares.slope.speech,8.732663846458843,svmRadial
speech.slope,8.63084295337885,svmRadial
min.slope.weight,8.404280401460467,svmRadial
min.salivation,8.174746341215343,svmRadial
sd.slope.cutting,8.020501248586145,svmRadial
mean.slope.turning,7.767070260804027,svmRadial
swallowing.slope,7.667442883555774,svmRadial
meansquares.resp.rate,7.646725166046049,svmRadial
max.slope.fvc.liters,7.567698727766431,svmRadial
turning.slope,7.2607828916399315,svmRadial
meansquares.fvc.liters,7.126195091195766,svmRadial
lessthan2.slope.resp.rate,7.042250202671633,svmRadial
Symptom.WEAKNESS,7.040213154121264,svmRadial
mean.fvc.liters,7.030868452486448,svmRadial
meansquares.bp.diastolic,6.863349024561692,svmRadial
mean.bp.systolic,6.7549800672465095,svmRadial
num.weight.visits,6.740700146026269,svmRadial
sum.slope.cutting,6.724907265837704,svmRadial
sum.slope.dressing,6.713854810031964,svmRadial
no.resp.rate.data,6.709379706226244,svmRadial
meansquares.bp.systolic,6.703010842822471,svmRadial
no.slope.resp.rate.data,6.6559010725942365,svmRadial
sum.bp.systolic,6.618400972957045,svmRadial
sum.slope.climbing.stairs,6.599652377837489,svmRadial
sd.slope.alsfrs.score,6.53047782971511,svmRadial
sd.slope.salivation,6.399331286088585,svmRadial
resp.rate.slope,6.327582139697702,svmRadial
lessthan2.resp.rate,6.258455094844452,svmRadial
sd.cutting,6.168071581097293,svmRadial
mean.slope.dressing,6.166276536501434,svmRadial
slope.bp.systolic.slope,6.0435131872393235,svmRadial
last.weight.date,6.016371127102241,svmRadial
mean.slope.climbing.stairs,5.979722860802221,svmRadial
Symptom.Speech,5.955919735350304,svmRadial
Sex.Female,5.878763612560475,svmRadial
min.slope.turning,5.817890337248899,svmRadial
mean.salivation,5.806413445127813,svmRadial
last.slope.svc.liters,5.797269997206767,svmRadial
min.slope.dressing,5.783033359751262,svmRadial
max.bp.diastolic,5.617901341410717,svmRadial
bp.systolic.slope,5.547379118133782,svmRadial
max.climbing.stairs,5.39010668782986,svmRadial
mean.slope.cutting,5.341598308762699,svmRadial
meansquares.salivation,5.265840697004581,svmRadial
mean.climbing.stairs,5.25022596091745,svmRadial
sum.slope.turning,5.2383890628352825,svmRadial
first.slope.fvc.liters.date,5.145002299268552,svmRadial
salivation.slope,5.101038587826104,svmRadial
sd.bp.diastolic,5.0828893197835,svmRadial
walking.slope,5.07555185568483,svmRadial
mean.slope.salivation,5.033716605365388,svmRadial
mean.slope.bp.diastolic,4.948913432441012,svmRadial
lessthan2.slope.weight,4.843936888827387,svmRadial
max.fvc.liters,4.830547219116893,svmRadial
num.bp.systolic.visits,4.812977452024064,svmRadial
sd.slope.resp.rate,4.801212201242478,svmRadial
num.bp.diastolic.visits,4.709293343444158,svmRadial
sum.salivation,4.692033833064768,svmRadial
max.walking,4.591976457034401,svmRadial
last.slope.speech,4.5046555330414115,svmRadial
sd.slope.bp.diastolic,4.492024406520014,svmRadial
sum.fvc.liters,4.46820610215054,svmRadial
sum.slope.walking,4.4573596272862845,svmRadial
meansquares.slope.salivation,4.439473265138918,svmRadial
meansquares.climbing.stairs,4.344141339125554,svmRadial
slope.bp.diastolic.slope,4.153130659549049,svmRadial
last.slope.bp.diastolic,4.099096515903215,svmRadial
sum.climbing.stairs,4.083442756653964,svmRadial
sum.slope.salivation,4.047725409153589,svmRadial
mean.slope.walking,3.997833325491497,svmRadial
mean.slope.handwriting,3.994562202788533,svmRadial
climbing.stairs.slope,3.9857701042596707,svmRadial
min.weight,3.965794661745641,svmRadial
mean.weight,3.9528614233942716,svmRadial
sum.slope.handwriting,3.893277548749659,svmRadial
min.climbing.stairs,3.870191913063846,svmRadial
last.weight,3.8503420933115367,svmRadial
meansquares.weight,3.843528876288038,svmRadial
max.weight,3.826901513428342,svmRadial
mean.bp.diastolic,3.806666291534638,svmRadial
lessthan2.slope.bp.diastolic,3.806052730459139,svmRadial
meansquares.slope.bp.diastolic,3.7838914309150007,svmRadial
last.slope.climbing.stairs,3.7667422731951437,svmRadial
sd.slope.swallowing,3.759151873805296,svmRadial
last.alsfrs.score,3.7242668918164488,svmRadial
sd.swallowing,3.7093280776207287,svmRadial
Study.Arm.PLACEBO,3.681666602324279,svmRadial
num.slope.bp.systolic.visits,3.675559336435513,svmRadial
last.slope.salivation,3.6676922980457634,svmRadial
num.slope.bp.diastolic.visits,3.557908354432002,svmRadial
sd.slope.weight,3.5296344109418234,svmRadial
meansquares.walking,3.506397610290869,svmRadial
max.slope.alsfrs.score,3.4193840221403,svmRadial
lessthan2.weight,3.383182270247778,svmRadial
slope.weight.slope,3.3527104770277627,svmRadial
min.slope.swallowing,3.3425370265760397,svmRadial
mean.walking,3.2604198446176396,svmRadial
dressing.slope,3.2598588884492234,svmRadial
last.slope.bp.systolic,3.250598842647013,svmRadial
bp.diastolic.slope,3.222068587049835,svmRadial
lessthan2.slope.fvc.liters,3.1872948407005297,svmRadial
no.bp.diastolic.data,3.184420871132116,svmRadial
last.bp.diastolic.date,3.1613232773822095,svmRadial
no.height.data,3.139857854687104,svmRadial
sum.slope.bp.diastolic,3.12032688614863,svmRadial
svc.liters.slope,3.0952466891753274,svmRadial
lessthan2.bp.diastolic,3.0102698355835518,svmRadial
sum.bp.diastolic,2.9012423727169514,svmRadial
mean.slope.resp.rate,2.837072247742555,svmRadial
slope.dressing.slope,2.7824385261627183,svmRadial
min.slope.climbing.stairs,2.7797067984539834,svmRadial
min.slope.walking,2.718679330011963,svmRadial
min.slope.bp.diastolic,2.673205591260044,svmRadial
last.climbing.stairs,2.6679006586512695,svmRadial
Symptom.Stiffness,2.6566042114140767,svmRadial
num.slope.fvc.liters.visits,2.644135668858688,svmRadial
no.fvc.liters.data,2.639757006765935,svmRadial
no.slope.fvc.liters.data,2.639757006765935,svmRadial
Family,2.626178974903033,svmRadial
last.slope.handwriting,2.62560198001594,svmRadial
min.alsfrs.score,2.62095879172166,svmRadial
handwriting.slope,2.5141209219193725,svmRadial
slope.fvc.liters.slope,2.467358885731659,svmRadial
mean.slope.svc.liters,2.450479686705095,svmRadial
last.svc.liters.date,2.436191502676583,svmRadial
min.slope.handwriting,2.4152045788904877,svmRadial
slope.alsfrs.score.slope,2.412770872844001,svmRadial
last.alsfrs.score.date,2.3823047478743384,svmRadial
Neurological.Disease.ALS,2.3665728761602525,svmRadial
sd.turning,2.3556030442179376,svmRadial
last.svc.liters,2.339870903140414,svmRadial
last.slope.dressing,2.3308898163182246,svmRadial
lessthan2.fvc.liters,2.3231018083296586,svmRadial
cutting.slope,2.3041205815931964,svmRadial
num.slope.weight.visits,2.2139756458003914,svmRadial
min.bp.diastolic,2.1925598968083047,svmRadial
sd.walking,2.1902625384606282,svmRadial
Study.Arm.ACTIVE,2.1710801968137483,svmRadial
no.slope.weight.data,2.1033715407416227,svmRadial
num.svc.liters.visits,2.0680530357679947,svmRadial
min.svc.liters,2.066742688209008,svmRadial
min.slope.svc.liters,2.0438635852444107,svmRadial
sd.dressing,2.030722194773853,svmRadial
Symptom.OTHER,2.027958925524291,svmRadial
meansquares.slope.swallowing,2.0234534363964665,svmRadial
last.fvc.liters.date,2.013655781316075,svmRadial
Brother,1.9236225558095523,svmRadial
sum.walking,1.9175894179952389,svmRadial
Son,1.9133406620025353,svmRadial
last.bp.diastolic,1.8793721607021177,svmRadial
max.slope.climbing.stairs,1.848128092812818,svmRadial
last.slope.cutting,1.8447858425729946,svmRadial
min.walking,1.7233537557507834,svmRadial
sd.weight,1.7102726550420295,svmRadial
meansquares.slope.cutting,1.6670560002519514,svmRadial
mean.slope.swallowing,1.6632290176669964,svmRadial
Uncle..Maternal.,1.65732798860166,svmRadial
mean.svc.liters,1.6404066471272798,svmRadial
sd.bp.systolic,1.6242851704461758,svmRadial
last.resp.rate.date,1.571955072033736,svmRadial
last.turning,1.4735203008141253,svmRadial
last.bp.systolic,1.4237677159477502,svmRadial
max.svc.liters,1.4046632506697392,svmRadial
meansquares.svc.liters,1.395379406941792,svmRadial
min.cutting,1.3833463749945338,svmRadial
min.turning,1.3831746565139997,svmRadial
last.walking,1.3636216619347206,svmRadial
meansquares.cutting,1.3211858512783468,svmRadial
last.slope.resp.rate,1.3105550586115269,svmRadial
sd.slope.dressing,1.2834838806824498,svmRadial
Sex.Male,1.2508879597432285,svmRadial
max.salivation,1.2274456698412566,svmRadial
max.slope.swallowing,1.2041644490191339,svmRadial
sd.height,1.2022598876367858,svmRadial
Cousin,1.1896470387718632,svmRadial
last.cutting,1.1702037391333082,svmRadial
max.handwriting,1.1690627841758976,svmRadial
Symptom.Atrophy,1.1622423895703948,svmRadial
min.bp.systolic,1.149353446838538,svmRadial
num.fvc.liters.visits,1.1455591882152392,svmRadial
max.bp.systolic,1.113415603806135,svmRadial
sd.svc.liters,1.111960845645848,svmRadial
meansquares.turning,1.0716522468438248,svmRadial
sd.slope.handwriting,1.0441605069582278,svmRadial
max.slope.cutting,1.0068858670883025,svmRadial
max.slope.salivation,0.9768336480345576,svmRadial
max.slope.walking,0.9719524532489952,svmRadial
sum.svc.liters,0.95122214065888,svmRadial
last.dressing,0.9130041223838339,svmRadial
sum.alsfrs.score,0.8597468745741639,svmRadial
last.slope.turning,0.8497740047923339,svmRadial
mean.handwriting,0.8496959651003192,svmRadial
min.resp.rate,0.801788659304613,svmRadial
sum.turning,0.7541196264315101,svmRadial
max.slope.dressing,0.7405769149982858,svmRadial
lessthan2.slope.alsfrs.score,0.7317850637707204,svmRadial
Neurological.Disease.OTHER,0.7265579979038966,svmRadial
sum.slope.swallowing,0.7178287422473851,svmRadial
mean.alsfrs.score,0.7153316876453049,svmRadial
sd.resp.rate,0.7031434452020106,svmRadial
Race...Black.African.American,0.6935072613684429,svmRadial
meansquares.slope.svc.liters,0.6845029752721536,svmRadial
last.resp.rate,0.646507883095235,svmRadial
sd.climbing.stairs,0.6318592464124545,svmRadial
mean.turning,0.6125919926574696,svmRadial
Mother,0.6087089345190447,svmRadial
slope.svc.liters.slope,0.6010751072016808,svmRadial
sd.handwriting,0.5877132604334341,svmRadial
max.slope.resp.rate,0.5622889752576167,svmRadial
max.slope.turning,0.5559534123403647,svmRadial
Father,0.5555543385484931,svmRadial
Uncle..Paternal.,0.5458202896536904,svmRadial
meansquares.dressing,0.5441380640887045,svmRadial
sd.slope.walking,0.48266124844013814,svmRadial
lessthan2.alsfrs.score,0.47721146850970597,svmRadial
Symptom.SENSORY_CHANGES,0.47712616521777657,svmRadial
max.resp.rate,0.4657933286188614,svmRadial
sum.resp.rate,0.4579431475188158,svmRadial
first.fvc.liters.date,0.4483810551708229,svmRadial
Race...Caucasian,0.44668245988306843,svmRadial
no.alsfrs.score.data,0.42667223978605356,svmRadial
first.slope.weight.date,0.4265172733066486,svmRadial
sum.handwriting,0.4200198830440375,svmRadial
sd.slope.svc.liters,0.3869062295738664,svmRadial
Neurological.Disease.STROKE.ISCHEMIC,0.34872296762487115,svmRadial
sum.cutting,0.3408942393653333,svmRadial
meansquares.slope.turning,0.3395397338314838,svmRadial
last.slope.svc.liters.date,0.3341380472827307,svmRadial
min.dressing,0.33287646167543256,svmRadial
meansquares.handwriting,0.30626391968220784,svmRadial
last.slope.alsfrs.score.date,0.30459312999739185,svmRadial
last.slope.walking,0.2869669212191243,svmRadial
mean.cutting,0.2844460722786661,svmRadial
sd.slope.turning,0.2653007513710724,svmRadial
first.resp.rate.date,0.26094873628231463,svmRadial
last.slope.weight.date,0.25392031421594513,svmRadial
max.slope.svc.liters,0.2462238153557689,svmRadial
first.height.date,0.24373090206365283,svmRadial
first.bp.diastolic.date,0.2382428162313079,svmRadial
Symptom.Swallowing,0.236673358103878,svmRadial
max.turning,0.2358286368447104,svmRadial
Symptom.GAIT_CHANGES,0.23285529224507687,svmRadial
min.handwriting,0.23032538633054508,svmRadial
Race...Asian,0.230126710253357,svmRadial
Neurological.Disease.BRAIN.TUMOR,0.22235481115839054,svmRadial
Aunt,0.21300075156258486,svmRadial
Symptom.Cramps,0.2001773385079375,svmRadial
num.alsfrs.score.visits,0.19775891993281322,svmRadial
sum.dressing,0.1858368013945979,svmRadial
last.slope.resp.rate.date,0.18504063387130393,svmRadial
sd.slope.climbing.stairs,0.1733255950675089,svmRadial
num.height.visits,0.1717153961190085,svmRadial
first.slope.height.date,0.1610839593734497,svmRadial
Site.of.Onset.Onset..Limb.and.Bulbar,0.15832242691981593,svmRadial
meansquares.slope.dressing,0.1472702414164858,svmRadial
Neurological.Disease.STROKE.NOS,0.1430518646846003,svmRadial
num.resp.rate.visits,0.12921469400791186,svmRadial
first.alsfrs.score.date,0.11582587524972515,svmRadial
slope.swallowing.slope,0.10836286256816478,svmRadial
max.slope.speech,0.10582756414223393,svmRadial
last.slope.bp.diastolic.date,0.10573413237499477,svmRadial
min.height,0.10223748409088175,svmRadial
Uncle,0.09947292602061884,svmRadial
Grandfather..Maternal.,0.09780393014089044,svmRadial
mean.height,0.09735658456864364,svmRadial
meansquares.height,0.09587037452960818,svmRadial
meansquares.slope.climbing.stairs,0.09472001937016447,svmRadial
max.height,0.0925909030801046,svmRadial
mean.dressing,0.09174505839135015,svmRadial
min.slope.resp.rate,0.08814551167468622,svmRadial
Neurological.Disease.DAT,0.08700209482367476,svmRadial
Grandmother,0.06967797992570775,svmRadial
meansquares.slope.handwriting,0.06812378559629667,svmRadial
sum.height,0.0671236356533175,svmRadial
Symptom..,0.06530885604751503,svmRadial
num.slope.alsfrs.score.visits,0.06526465296270184,svmRadial
first.slope.resp.rate.date,0.06144071102749721,svmRadial
first.slope.svc.liters.date,0.06066058758918197,svmRadial
first.slope.bp.systolic.date,0.059960247551129955,svmRadial
Sister,0.05861470260816287,svmRadial
first.slope.bp.diastolic.date,0.05624250965708933,svmRadial
Neurological.Disease.DEMENTIA.NOS,0.05375715016610425,svmRadial
last.handwriting,0.05292387736439236,svmRadial
first.slope.alsfrs.score.date,0.05235382457559699,svmRadial
Age,0.04601045380564979,svmRadial
first.weight.date,0.04562849350779423,svmRadial
slope.handwriting.slope,0.04043388636098109,svmRadial
max.slope.handwriting,0.03999661019026102,svmRadial
Neurological.Disease.PARKINSON.S.DISEASE,0.039662042982068914,svmRadial
slope.speech.slope,0.037819210109526616,svmRadial
Aunt..Maternal.,0.036144888818273456,svmRadial
last.slope.swallowing,0.030470338624600055,svmRadial
max.dressing,0.02871703963053321,svmRadial
meansquares.slope.resp.rate,0.024921365311781907,svmRadial
Daughter,0.022442628354838436,svmRadial
last.slope.fvc.liters.date,0.022380512329474574,svmRadial
num.slope.resp.rate.visits,0.01978643552160577,svmRadial
Neurological.Disease.STROKE.HEMORRHAGIC,0.013714462374047942,svmRadial
max.alsfrs.score,0.009180029080548576,svmRadial
mean.resp.rate,0.008468685182764455,svmRadial
meansquares.slope.walking,0.0018888917605456089,svmRadial
Race...Other,0.0016502814608626484,svmRadial
Grandmother..Maternal.,0.0014613179322638147,svmRadial
Symptom.Fasciculations,6.636100274630954e-5,svmRadial
last.height.date,6.572790865831933e-5,svmRadial
max.cutting,1.1155988372644374e-6,svmRadial
slope.salivation.slope,0,svmRadial
slope.turning.slope,0,svmRadial
slope.walking.slope,0,svmRadial
slope.climbing.stairs.slope,0,svmRadial
meansquares.slope.fvc.liters,0,svmRadial
sd.slope.fvc.liters,0,svmRadial
meansquares.slope.weight,0,svmRadial
sum.slope.resp.rate,0,svmRadial
slope.resp.rate.slope,0,svmRadial
max.slope.bp.diastolic,0,svmRadial
max.slope.bp.systolic,0,svmRadial
min.slope.bp.systolic,0,svmRadial
mean.slope.bp.systolic,0,svmRadial
sum.slope.bp.systolic,0,svmRadial
meansquares.slope.bp.systolic,0,svmRadial
sd.slope.bp.systolic,0,svmRadial
